,X,Y_True
0,1.png,1.npy
1,10.png,10.npy
2,100.png,100.npy
3,1000.png,1000.npy
4,1001.png,1001.npy
5,1002.png,1002.npy
6,1003.png,1003.npy
7,1004.png,1004.npy
8,1005.png,1005.npy
9,1006.png,1006.npy
10,1007.png,1007.npy
11,1008.png,1008.npy
12,1009.png,1009.npy
13,101.png,101.npy
14,1010.png,1010.npy
15,1011.png,1011.npy
16,1012.png,1012.npy
17,1013.png,1013.npy
18,1014.png,1014.npy
19,1015.png,1015.npy
20,1016.png,1016.npy
21,1017.png,1017.npy
22,1018.png,1018.npy
23,1019.png,1019.npy
24,102.png,102.npy
25,1020.png,1020.npy
26,1021.png,1021.npy
27,1022.png,1022.npy
28,1023.png,1023.npy
29,1024.png,1024.npy
30,1025.png,1025.npy
31,1026.png,1026.npy
32,1027.png,1027.npy
33,1028.png,1028.npy
34,1029.png,1029.npy
35,103.png,103.npy
36,1030.png,1030.npy
37,1031.png,1031.npy
38,1032.png,1032.npy
39,1033.png,1033.npy
40,1034.png,1034.npy
41,1035.png,1035.npy
42,1036.png,1036.npy
43,1037.png,1037.npy
44,1038.png,1038.npy
45,1039.png,1039.npy
46,104.png,104.npy
47,1040.png,1040.npy
48,1041.png,1041.npy
49,1042.png,1042.npy
50,1043.png,1043.npy
51,1044.png,1044.npy
52,1045.png,1045.npy
53,1046.png,1046.npy
54,1047.png,1047.npy
55,1048.png,1048.npy
56,1049.png,1049.npy
57,105.png,105.npy
58,1050.png,1050.npy
59,1051.png,1051.npy
60,1052.png,1052.npy
61,1053.png,1053.npy
62,1054.png,1054.npy
63,1055.png,1055.npy
64,1056.png,1056.npy
65,1057.png,1057.npy
66,1058.png,1058.npy
67,1059.png,1059.npy
68,106.png,106.npy
69,1060.png,1060.npy
70,1061.png,1061.npy
71,1062.png,1062.npy
72,1063.png,1063.npy
73,1064.png,1064.npy
74,1065.png,1065.npy
75,1066.png,1066.npy
76,1067.png,1067.npy
77,1068.png,1068.npy
78,1069.png,1069.npy
79,107.png,107.npy
80,1070.png,1070.npy
81,1071.png,1071.npy
82,1072.png,1072.npy
83,1073.png,1073.npy
84,1074.png,1074.npy
85,1075.png,1075.npy
86,1076.png,1076.npy
87,1077.png,1077.npy
88,1078.png,1078.npy
89,1079.png,1079.npy
90,108.png,108.npy
91,1080.png,1080.npy
92,1081.png,1081.npy
93,1082.png,1082.npy
94,1083.png,1083.npy
95,1084.png,1084.npy
96,1085.png,1085.npy
97,1086.png,1086.npy
98,1087.png,1087.npy
99,1088.png,1088.npy
100,1089.png,1089.npy
101,109.png,109.npy
102,1090.png,1090.npy
103,1091.png,1091.npy
104,1092.png,1092.npy
105,1093.png,1093.npy
106,1094.png,1094.npy
107,1095.png,1095.npy
108,1096.png,1096.npy
109,1097.png,1097.npy
110,1098.png,1098.npy
111,1099.png,1099.npy
112,11.png,11.npy
113,110.png,110.npy
114,1100.png,1100.npy
115,1101.png,1101.npy
116,1102.png,1102.npy
117,1103.png,1103.npy
118,1104.png,1104.npy
119,1105.png,1105.npy
120,1106.png,1106.npy
121,1107.png,1107.npy
122,1108.png,1108.npy
123,1109.png,1109.npy
124,111.png,111.npy
125,1110.png,1110.npy
126,1111.png,1111.npy
127,1112.png,1112.npy
128,1113.png,1113.npy
129,1114.png,1114.npy
130,1115.png,1115.npy
131,1116.png,1116.npy
132,1117.png,1117.npy
133,1118.png,1118.npy
134,1119.png,1119.npy
135,112.png,112.npy
136,1120.png,1120.npy
137,1121.png,1121.npy
138,1122.png,1122.npy
139,1123.png,1123.npy
140,1124.png,1124.npy
141,1125.png,1125.npy
142,1126.png,1126.npy
143,1127.png,1127.npy
144,1128.png,1128.npy
145,1129.png,1129.npy
146,113.png,113.npy
147,1130.png,1130.npy
148,1131.png,1131.npy
149,1132.png,1132.npy
150,1133.png,1133.npy
151,1134.png,1134.npy
152,1135.png,1135.npy
153,1136.png,1136.npy
154,1137.png,1137.npy
155,1138.png,1138.npy
156,1139.png,1139.npy
157,114.png,114.npy
158,1140.png,1140.npy
159,1141.png,1141.npy
160,1142.png,1142.npy
161,1143.png,1143.npy
162,1144.png,1144.npy
163,1145.png,1145.npy
164,1146.png,1146.npy
165,1147.png,1147.npy
166,1148.png,1148.npy
167,1149.png,1149.npy
168,115.png,115.npy
169,1150.png,1150.npy
170,1151.png,1151.npy
171,1152.png,1152.npy
172,1153.png,1153.npy
173,1154.png,1154.npy
174,1155.png,1155.npy
175,1156.png,1156.npy
176,1157.png,1157.npy
177,1158.png,1158.npy
178,1159.png,1159.npy
179,116.png,116.npy
180,1160.png,1160.npy
181,1161.png,1161.npy
182,1162.png,1162.npy
183,1163.png,1163.npy
184,1164.png,1164.npy
185,1165.png,1165.npy
186,1166.png,1166.npy
187,1167.png,1167.npy
188,1168.png,1168.npy
189,1169.png,1169.npy
190,117.png,117.npy
191,1170.png,1170.npy
192,1171.png,1171.npy
193,1172.png,1172.npy
194,1173.png,1173.npy
195,1174.png,1174.npy
196,1175.png,1175.npy
197,1176.png,1176.npy
198,1177.png,1177.npy
199,1178.png,1178.npy
200,1179.png,1179.npy
201,118.png,118.npy
202,1180.png,1180.npy
203,1181.png,1181.npy
204,1182.png,1182.npy
205,1183.png,1183.npy
206,1184.png,1184.npy
207,1185.png,1185.npy
208,1186.png,1186.npy
209,1187.png,1187.npy
210,1188.png,1188.npy
211,1189.png,1189.npy
212,119.png,119.npy
213,1190.png,1190.npy
214,1191.png,1191.npy
215,1192.png,1192.npy
216,1193.png,1193.npy
217,1194.png,1194.npy
218,1195.png,1195.npy
219,1196.png,1196.npy
220,1197.png,1197.npy
221,1198.png,1198.npy
222,1199.png,1199.npy
223,12.png,12.npy
224,120.png,120.npy
225,1200.png,1200.npy
226,1201.png,1201.npy
227,1202.png,1202.npy
228,1203.png,1203.npy
229,1204.png,1204.npy
230,1205.png,1205.npy
231,1206.png,1206.npy
232,1207.png,1207.npy
233,1208.png,1208.npy
234,1209.png,1209.npy
235,121.png,121.npy
236,1210.png,1210.npy
237,1211.png,1211.npy
238,1212.png,1212.npy
239,1213.png,1213.npy
240,1214.png,1214.npy
241,1215.png,1215.npy
242,1216.png,1216.npy
243,1217.png,1217.npy
244,1218.png,1218.npy
245,1219.png,1219.npy
246,122.png,122.npy
247,1220.png,1220.npy
248,1221.png,1221.npy
249,1222.png,1222.npy
250,1223.png,1223.npy
251,1224.png,1224.npy
252,1225.png,1225.npy
253,1226.png,1226.npy
254,1227.png,1227.npy
255,1228.png,1228.npy
256,1229.png,1229.npy
257,123.png,123.npy
258,1230.png,1230.npy
259,1231.png,1231.npy
260,1232.png,1232.npy
261,1233.png,1233.npy
262,1234.png,1234.npy
263,1235.png,1235.npy
264,1236.png,1236.npy
265,1237.png,1237.npy
266,1238.png,1238.npy
267,1239.png,1239.npy
268,124.png,124.npy
269,1240.png,1240.npy
270,1241.png,1241.npy
271,1242.png,1242.npy
272,1243.png,1243.npy
273,1244.png,1244.npy
274,1245.png,1245.npy
275,1246.png,1246.npy
276,1247.png,1247.npy
277,1248.png,1248.npy
278,1249.png,1249.npy
279,125.png,125.npy
280,1250.png,1250.npy
281,1251.png,1251.npy
282,1252.png,1252.npy
283,1253.png,1253.npy
284,1254.png,1254.npy
285,1255.png,1255.npy
286,1256.png,1256.npy
287,1257.png,1257.npy
288,1258.png,1258.npy
289,1259.png,1259.npy
290,126.png,126.npy
291,1260.png,1260.npy
292,1261.png,1261.npy
293,1262.png,1262.npy
294,1263.png,1263.npy
295,1264.png,1264.npy
296,1265.png,1265.npy
297,1266.png,1266.npy
298,1267.png,1267.npy
299,1268.png,1268.npy
300,1269.png,1269.npy
301,127.png,127.npy
302,1270.png,1270.npy
303,1271.png,1271.npy
304,1272.png,1272.npy
305,1273.png,1273.npy
306,1274.png,1274.npy
307,1275.png,1275.npy
308,1276.png,1276.npy
309,1277.png,1277.npy
310,1278.png,1278.npy
311,1279.png,1279.npy
312,128.png,128.npy
313,1280.png,1280.npy
314,1281.png,1281.npy
315,1282.png,1282.npy
316,1283.png,1283.npy
317,1284.png,1284.npy
318,1285.png,1285.npy
319,1286.png,1286.npy
320,1287.png,1287.npy
321,1288.png,1288.npy
322,1289.png,1289.npy
323,129.png,129.npy
324,1290.png,1290.npy
325,1291.png,1291.npy
326,1292.png,1292.npy
327,1293.png,1293.npy
328,1294.png,1294.npy
329,1295.png,1295.npy
330,1296.png,1296.npy
331,1297.png,1297.npy
332,1298.png,1298.npy
333,1299.png,1299.npy
334,13.png,13.npy
335,130.png,130.npy
336,1300.png,1300.npy
337,1301.png,1301.npy
338,1302.png,1302.npy
339,1303.png,1303.npy
340,1304.png,1304.npy
341,1305.png,1305.npy
342,1306.png,1306.npy
343,1307.png,1307.npy
344,1308.png,1308.npy
345,1309.png,1309.npy
346,131.png,131.npy
347,1310.png,1310.npy
348,1311.png,1311.npy
349,1312.png,1312.npy
350,1313.png,1313.npy
351,1314.png,1314.npy
352,1315.png,1315.npy
353,1316.png,1316.npy
354,1317.png,1317.npy
355,1318.png,1318.npy
356,1319.png,1319.npy
357,132.png,132.npy
358,1320.png,1320.npy
359,1321.png,1321.npy
360,1322.png,1322.npy
361,1323.png,1323.npy
362,1324.png,1324.npy
363,1325.png,1325.npy
364,1326.png,1326.npy
365,1327.png,1327.npy
366,1328.png,1328.npy
367,1329.png,1329.npy
368,133.png,133.npy
369,1330.png,1330.npy
370,1331.png,1331.npy
371,1332.png,1332.npy
372,1333.png,1333.npy
373,1334.png,1334.npy
374,1335.png,1335.npy
375,1336.png,1336.npy
376,1337.png,1337.npy
377,1338.png,1338.npy
378,1339.png,1339.npy
379,134.png,134.npy
380,1340.png,1340.npy
381,1341.png,1341.npy
382,1342.png,1342.npy
383,1343.png,1343.npy
384,1344.png,1344.npy
385,1345.png,1345.npy
386,1346.png,1346.npy
387,1347.png,1347.npy
388,1348.png,1348.npy
389,1349.png,1349.npy
390,135.png,135.npy
391,1350.png,1350.npy
392,1351.png,1351.npy
393,1352.png,1352.npy
394,1353.png,1353.npy
395,1354.png,1354.npy
396,1355.png,1355.npy
397,1356.png,1356.npy
398,1357.png,1357.npy
399,1358.png,1358.npy
400,1359.png,1359.npy
401,136.png,136.npy
402,1360.png,1360.npy
403,1361.png,1361.npy
404,1362.png,1362.npy
405,1363.png,1363.npy
406,1364.png,1364.npy
407,1365.png,1365.npy
408,1366.png,1366.npy
409,1367.png,1367.npy
410,1368.png,1368.npy
411,1369.png,1369.npy
412,137.png,137.npy
413,1370.png,1370.npy
414,1371.png,1371.npy
415,1372.png,1372.npy
416,1373.png,1373.npy
417,1374.png,1374.npy
418,1375.png,1375.npy
419,1376.png,1376.npy
420,1377.png,1377.npy
421,1378.png,1378.npy
422,1379.png,1379.npy
423,138.png,138.npy
424,1380.png,1380.npy
425,1381.png,1381.npy
426,1382.png,1382.npy
427,1383.png,1383.npy
428,1384.png,1384.npy
429,1385.png,1385.npy
430,1386.png,1386.npy
431,1387.png,1387.npy
432,1388.png,1388.npy
433,1389.png,1389.npy
434,139.png,139.npy
435,1390.png,1390.npy
436,1391.png,1391.npy
437,1392.png,1392.npy
438,1393.png,1393.npy
439,1394.png,1394.npy
440,1395.png,1395.npy
441,1396.png,1396.npy
442,1397.png,1397.npy
443,1398.png,1398.npy
444,1399.png,1399.npy
445,14.png,14.npy
446,140.png,140.npy
447,1400.png,1400.npy
448,1401.png,1401.npy
449,1402.png,1402.npy
450,1403.png,1403.npy
451,1404.png,1404.npy
452,1405.png,1405.npy
453,1406.png,1406.npy
454,1407.png,1407.npy
455,1408.png,1408.npy
456,1409.png,1409.npy
457,141.png,141.npy
458,1410.png,1410.npy
459,1411.png,1411.npy
460,1412.png,1412.npy
461,1413.png,1413.npy
462,1414.png,1414.npy
463,1415.png,1415.npy
464,1416.png,1416.npy
465,1417.png,1417.npy
466,1418.png,1418.npy
467,1419.png,1419.npy
468,142.png,142.npy
469,1420.png,1420.npy
470,1421.png,1421.npy
471,1422.png,1422.npy
472,1423.png,1423.npy
473,1424.png,1424.npy
474,1425.png,1425.npy
475,1426.png,1426.npy
476,1427.png,1427.npy
477,1428.png,1428.npy
478,1429.png,1429.npy
479,143.png,143.npy
480,1430.png,1430.npy
481,1431.png,1431.npy
482,1432.png,1432.npy
483,1433.png,1433.npy
484,1434.png,1434.npy
485,1435.png,1435.npy
486,1436.png,1436.npy
487,1437.png,1437.npy
488,1438.png,1438.npy
489,1439.png,1439.npy
490,144.png,144.npy
491,1440.png,1440.npy
492,1441.png,1441.npy
493,1442.png,1442.npy
494,1443.png,1443.npy
495,1444.png,1444.npy
496,1445.png,1445.npy
497,1446.png,1446.npy
498,1447.png,1447.npy
499,1448.png,1448.npy
500,1449.png,1449.npy
501,145.png,145.npy
502,1450.png,1450.npy
503,1451.png,1451.npy
504,1452.png,1452.npy
505,1453.png,1453.npy
506,1454.png,1454.npy
507,1455.png,1455.npy
508,1456.png,1456.npy
509,1457.png,1457.npy
510,1458.png,1458.npy
511,1459.png,1459.npy
512,146.png,146.npy
513,1460.png,1460.npy
514,1461.png,1461.npy
515,1462.png,1462.npy
516,1463.png,1463.npy
517,1464.png,1464.npy
518,1465.png,1465.npy
519,1466.png,1466.npy
520,1467.png,1467.npy
521,1468.png,1468.npy
522,1469.png,1469.npy
523,147.png,147.npy
524,1470.png,1470.npy
525,1471.png,1471.npy
526,1472.png,1472.npy
527,1473.png,1473.npy
528,1474.png,1474.npy
529,1475.png,1475.npy
530,1476.png,1476.npy
531,1477.png,1477.npy
532,1478.png,1478.npy
533,1479.png,1479.npy
534,148.png,148.npy
535,1480.png,1480.npy
536,1481.png,1481.npy
537,1482.png,1482.npy
538,1483.png,1483.npy
539,1484.png,1484.npy
540,1485.png,1485.npy
541,1486.png,1486.npy
542,1487.png,1487.npy
543,1488.png,1488.npy
544,1489.png,1489.npy
545,149.png,149.npy
546,1490.png,1490.npy
547,1491.png,1491.npy
548,1492.png,1492.npy
549,1493.png,1493.npy
550,1494.png,1494.npy
551,1495.png,1495.npy
552,1496.png,1496.npy
553,1497.png,1497.npy
554,1498.png,1498.npy
555,1499.png,1499.npy
556,15.png,15.npy
557,150.png,150.npy
558,1500.png,1500.npy
559,1501.png,1501.npy
560,1502.png,1502.npy
561,1503.png,1503.npy
562,1504.png,1504.npy
563,1505.png,1505.npy
564,1506.png,1506.npy
565,1507.png,1507.npy
566,1508.png,1508.npy
567,1509.png,1509.npy
568,151.png,151.npy
569,1510.png,1510.npy
570,1511.png,1511.npy
571,1512.png,1512.npy
572,1513.png,1513.npy
573,1514.png,1514.npy
574,1515.png,1515.npy
575,152.png,152.npy
576,153.png,153.npy
577,154.png,154.npy
578,155.png,155.npy
579,156.png,156.npy
580,157.png,157.npy
581,158.png,158.npy
582,159.png,159.npy
583,16.png,16.npy
584,160.png,160.npy
585,161.png,161.npy
586,162.png,162.npy
587,163.png,163.npy
588,164.png,164.npy
589,165.png,165.npy
590,166.png,166.npy
591,167.png,167.npy
592,168.png,168.npy
593,169.png,169.npy
594,17.png,17.npy
595,170.png,170.npy
596,171.png,171.npy
597,172.png,172.npy
598,173.png,173.npy
599,174.png,174.npy
600,175.png,175.npy
601,176.png,176.npy
602,177.png,177.npy
603,178.png,178.npy
604,179.png,179.npy
605,18.png,18.npy
606,180.png,180.npy
607,181.png,181.npy
608,182.png,182.npy
609,183.png,183.npy
610,184.png,184.npy
611,185.png,185.npy
612,186.png,186.npy
613,187.png,187.npy
614,188.png,188.npy
615,189.png,189.npy
616,19.png,19.npy
617,190.png,190.npy
618,191.png,191.npy
619,192.png,192.npy
620,193.png,193.npy
621,194.png,194.npy
622,195.png,195.npy
623,196.png,196.npy
624,197.png,197.npy
625,198.png,198.npy
626,199.png,199.npy
627,2.png,2.npy
628,20.png,20.npy
629,200.png,200.npy
630,201.png,201.npy
631,202.png,202.npy
632,203.png,203.npy
633,204.png,204.npy
634,205.png,205.npy
635,206.png,206.npy
636,207.png,207.npy
637,208.png,208.npy
638,209.png,209.npy
639,21.png,21.npy
640,210.png,210.npy
641,211.png,211.npy
642,212.png,212.npy
643,213.png,213.npy
644,214.png,214.npy
645,215.png,215.npy
646,216.png,216.npy
647,217.png,217.npy
648,218.png,218.npy
649,219.png,219.npy
650,22.png,22.npy
651,220.png,220.npy
652,221.png,221.npy
653,222.png,222.npy
654,223.png,223.npy
655,224.png,224.npy
656,225.png,225.npy
657,226.png,226.npy
658,227.png,227.npy
659,228.png,228.npy
660,229.png,229.npy
661,23.png,23.npy
662,230.png,230.npy
663,231.png,231.npy
664,232.png,232.npy
665,233.png,233.npy
666,234.png,234.npy
667,235.png,235.npy
668,236.png,236.npy
669,237.png,237.npy
670,238.png,238.npy
671,239.png,239.npy
672,24.png,24.npy
673,240.png,240.npy
674,241.png,241.npy
675,242.png,242.npy
676,243.png,243.npy
677,244.png,244.npy
678,245.png,245.npy
679,246.png,246.npy
680,247.png,247.npy
681,248.png,248.npy
682,249.png,249.npy
683,25.png,25.npy
684,250.png,250.npy
685,251.png,251.npy
686,252.png,252.npy
687,253.png,253.npy
688,254.png,254.npy
689,255.png,255.npy
690,256.png,256.npy
691,257.png,257.npy
692,258.png,258.npy
693,259.png,259.npy
694,26.png,26.npy
695,260.png,260.npy
696,261.png,261.npy
697,262.png,262.npy
698,263.png,263.npy
699,264.png,264.npy
700,265.png,265.npy
701,266.png,266.npy
702,267.png,267.npy
703,268.png,268.npy
704,269.png,269.npy
705,27.png,27.npy
706,270.png,270.npy
707,271.png,271.npy
708,272.png,272.npy
709,273.png,273.npy
710,274.png,274.npy
711,275.png,275.npy
712,276.png,276.npy
713,277.png,277.npy
714,278.png,278.npy
715,279.png,279.npy
716,28.png,28.npy
717,280.png,280.npy
718,281.png,281.npy
719,282.png,282.npy
720,283.png,283.npy
721,284.png,284.npy
722,285.png,285.npy
723,286.png,286.npy
724,287.png,287.npy
725,288.png,288.npy
726,289.png,289.npy
727,29.png,29.npy
728,290.png,290.npy
729,291.png,291.npy
730,292.png,292.npy
731,293.png,293.npy
732,294.png,294.npy
733,295.png,295.npy
734,296.png,296.npy
735,297.png,297.npy
736,298.png,298.npy
737,299.png,299.npy
738,3.png,3.npy
739,30.png,30.npy
740,300.png,300.npy
741,301.png,301.npy
742,302.png,302.npy
743,303.png,303.npy
744,304.png,304.npy
745,305.png,305.npy
746,306.png,306.npy
747,307.png,307.npy
748,308.png,308.npy
749,309.png,309.npy
750,31.png,31.npy
751,310.png,310.npy
752,311.png,311.npy
753,312.png,312.npy
754,313.png,313.npy
755,314.png,314.npy
756,315.png,315.npy
757,316.png,316.npy
758,317.png,317.npy
759,318.png,318.npy
760,319.png,319.npy
761,32.png,32.npy
762,320.png,320.npy
763,321.png,321.npy
764,322.png,322.npy
765,323.png,323.npy
766,324.png,324.npy
767,325.png,325.npy
768,326.png,326.npy
769,327.png,327.npy
770,328.png,328.npy
771,329.png,329.npy
772,33.png,33.npy
773,330.png,330.npy
774,331.png,331.npy
775,332.png,332.npy
776,333.png,333.npy
777,334.png,334.npy
778,335.png,335.npy
779,336.png,336.npy
780,337.png,337.npy
781,338.png,338.npy
782,339.png,339.npy
783,34.png,34.npy
784,340.png,340.npy
785,341.png,341.npy
786,342.png,342.npy
787,343.png,343.npy
788,344.png,344.npy
789,345.png,345.npy
790,346.png,346.npy
791,347.png,347.npy
792,348.png,348.npy
793,349.png,349.npy
794,35.png,35.npy
795,350.png,350.npy
796,351.png,351.npy
797,352.png,352.npy
798,353.png,353.npy
799,354.png,354.npy
800,355.png,355.npy
801,356.png,356.npy
802,357.png,357.npy
803,358.png,358.npy
804,359.png,359.npy
805,36.png,36.npy
806,360.png,360.npy
807,361.png,361.npy
808,362.png,362.npy
809,363.png,363.npy
810,364.png,364.npy
811,365.png,365.npy
812,366.png,366.npy
813,367.png,367.npy
814,368.png,368.npy
815,369.png,369.npy
816,37.png,37.npy
817,370.png,370.npy
818,371.png,371.npy
819,372.png,372.npy
820,373.png,373.npy
821,374.png,374.npy
822,375.png,375.npy
823,376.png,376.npy
824,377.png,377.npy
825,378.png,378.npy
826,379.png,379.npy
827,38.png,38.npy
828,380.png,380.npy
829,381.png,381.npy
830,382.png,382.npy
831,383.png,383.npy
832,384.png,384.npy
833,385.png,385.npy
834,386.png,386.npy
835,387.png,387.npy
836,388.png,388.npy
837,389.png,389.npy
838,39.png,39.npy
839,390.png,390.npy
840,391.png,391.npy
841,392.png,392.npy
842,393.png,393.npy
843,394.png,394.npy
844,395.png,395.npy
845,396.png,396.npy
846,397.png,397.npy
847,398.png,398.npy
848,399.png,399.npy
849,4.png,4.npy
850,40.png,40.npy
851,400.png,400.npy
852,401.png,401.npy
853,402.png,402.npy
854,403.png,403.npy
855,404.png,404.npy
856,405.png,405.npy
857,406.png,406.npy
858,407.png,407.npy
859,408.png,408.npy
860,409.png,409.npy
861,41.png,41.npy
862,410.png,410.npy
863,411.png,411.npy
864,412.png,412.npy
865,413.png,413.npy
866,414.png,414.npy
867,415.png,415.npy
868,416.png,416.npy
869,417.png,417.npy
870,418.png,418.npy
871,419.png,419.npy
872,42.png,42.npy
873,420.png,420.npy
874,421.png,421.npy
875,422.png,422.npy
876,423.png,423.npy
877,424.png,424.npy
878,425.png,425.npy
879,426.png,426.npy
880,427.png,427.npy
881,428.png,428.npy
882,429.png,429.npy
883,43.png,43.npy
884,430.png,430.npy
885,431.png,431.npy
886,432.png,432.npy
887,433.png,433.npy
888,434.png,434.npy
889,435.png,435.npy
890,436.png,436.npy
891,437.png,437.npy
892,438.png,438.npy
893,439.png,439.npy
894,44.png,44.npy
895,440.png,440.npy
896,441.png,441.npy
897,442.png,442.npy
898,443.png,443.npy
899,444.png,444.npy
900,445.png,445.npy
901,446.png,446.npy
902,447.png,447.npy
903,448.png,448.npy
904,449.png,449.npy
905,45.png,45.npy
906,450.png,450.npy
907,451.png,451.npy
908,452.png,452.npy
909,453.png,453.npy
910,454.png,454.npy
911,455.png,455.npy
912,456.png,456.npy
913,457.png,457.npy
914,458.png,458.npy
915,459.png,459.npy
916,46.png,46.npy
917,460.png,460.npy
918,461.png,461.npy
919,462.png,462.npy
920,463.png,463.npy
921,464.png,464.npy
922,465.png,465.npy
923,466.png,466.npy
924,467.png,467.npy
925,468.png,468.npy
926,469.png,469.npy
927,47.png,47.npy
928,470.png,470.npy
929,471.png,471.npy
930,472.png,472.npy
931,473.png,473.npy
932,474.png,474.npy
933,475.png,475.npy
934,476.png,476.npy
935,477.png,477.npy
936,478.png,478.npy
937,479.png,479.npy
938,48.png,48.npy
939,480.png,480.npy
940,481.png,481.npy
941,482.png,482.npy
942,483.png,483.npy
943,484.png,484.npy
944,485.png,485.npy
945,486.png,486.npy
946,487.png,487.npy
947,488.png,488.npy
948,489.png,489.npy
949,49.png,49.npy
950,490.png,490.npy
951,491.png,491.npy
952,492.png,492.npy
953,493.png,493.npy
954,494.png,494.npy
955,495.png,495.npy
956,496.png,496.npy
957,497.png,497.npy
958,498.png,498.npy
959,499.png,499.npy
960,5.png,5.npy
961,50.png,50.npy
962,500.png,500.npy
963,501.png,501.npy
964,502.png,502.npy
965,503.png,503.npy
966,504.png,504.npy
967,505.png,505.npy
968,506.png,506.npy
969,507.png,507.npy
970,508.png,508.npy
971,509.png,509.npy
972,51.png,51.npy
973,510.png,510.npy
974,511.png,511.npy
975,512.png,512.npy
976,513.png,513.npy
977,514.png,514.npy
978,515.png,515.npy
979,516.png,516.npy
980,517.png,517.npy
981,518.png,518.npy
982,519.png,519.npy
983,52.png,52.npy
984,520.png,520.npy
985,521.png,521.npy
986,522.png,522.npy
987,523.png,523.npy
988,524.png,524.npy
989,525.png,525.npy
990,526.png,526.npy
991,527.png,527.npy
992,528.png,528.npy
993,529.png,529.npy
994,53.png,53.npy
995,530.png,530.npy
996,531.png,531.npy
997,532.png,532.npy
998,533.png,533.npy
999,534.png,534.npy
1000,535.png,535.npy
1001,536.png,536.npy
1002,537.png,537.npy
1003,538.png,538.npy
1004,539.png,539.npy
1005,54.png,54.npy
1006,540.png,540.npy
1007,541.png,541.npy
1008,542.png,542.npy
1009,543.png,543.npy
1010,544.png,544.npy
1011,545.png,545.npy
1012,546.png,546.npy
1013,547.png,547.npy
1014,548.png,548.npy
1015,549.png,549.npy
1016,55.png,55.npy
1017,550.png,550.npy
1018,551.png,551.npy
1019,552.png,552.npy
1020,553.png,553.npy
1021,554.png,554.npy
1022,555.png,555.npy
1023,556.png,556.npy
1024,557.png,557.npy
1025,558.png,558.npy
1026,559.png,559.npy
1027,56.png,56.npy
1028,560.png,560.npy
1029,561.png,561.npy
1030,562.png,562.npy
1031,563.png,563.npy
1032,564.png,564.npy
1033,565.png,565.npy
1034,566.png,566.npy
1035,567.png,567.npy
1036,568.png,568.npy
1037,569.png,569.npy
1038,57.png,57.npy
1039,570.png,570.npy
1040,571.png,571.npy
1041,572.png,572.npy
1042,573.png,573.npy
1043,574.png,574.npy
1044,575.png,575.npy
1045,576.png,576.npy
1046,577.png,577.npy
1047,578.png,578.npy
1048,579.png,579.npy
1049,58.png,58.npy
1050,580.png,580.npy
1051,581.png,581.npy
1052,582.png,582.npy
1053,583.png,583.npy
1054,584.png,584.npy
1055,585.png,585.npy
1056,586.png,586.npy
1057,587.png,587.npy
1058,588.png,588.npy
1059,589.png,589.npy
1060,59.png,59.npy
1061,590.png,590.npy
1062,591.png,591.npy
1063,592.png,592.npy
1064,593.png,593.npy
1065,594.png,594.npy
1066,595.png,595.npy
1067,596.png,596.npy
1068,597.png,597.npy
1069,598.png,598.npy
1070,599.png,599.npy
1071,6.png,6.npy
1072,60.png,60.npy
1073,600.png,600.npy
1074,601.png,601.npy
1075,602.png,602.npy
1076,603.png,603.npy
1077,604.png,604.npy
1078,605.png,605.npy
1079,606.png,606.npy
1080,607.png,607.npy
1081,608.png,608.npy
1082,609.png,609.npy
1083,61.png,61.npy
1084,610.png,610.npy
1085,611.png,611.npy
1086,612.png,612.npy
1087,613.png,613.npy
1088,614.png,614.npy
1089,615.png,615.npy
1090,616.png,616.npy
1091,617.png,617.npy
1092,618.png,618.npy
1093,619.png,619.npy
1094,62.png,62.npy
1095,620.png,620.npy
1096,621.png,621.npy
1097,622.png,622.npy
1098,623.png,623.npy
1099,624.png,624.npy
1100,625.png,625.npy
1101,626.png,626.npy
1102,627.png,627.npy
1103,628.png,628.npy
1104,629.png,629.npy
1105,63.png,63.npy
1106,630.png,630.npy
1107,631.png,631.npy
1108,632.png,632.npy
1109,633.png,633.npy
1110,634.png,634.npy
1111,635.png,635.npy
1112,636.png,636.npy
1113,637.png,637.npy
1114,638.png,638.npy
1115,639.png,639.npy
1116,64.png,64.npy
1117,640.png,640.npy
1118,641.png,641.npy
1119,642.png,642.npy
1120,643.png,643.npy
1121,644.png,644.npy
1122,645.png,645.npy
1123,646.png,646.npy
1124,647.png,647.npy
1125,648.png,648.npy
1126,649.png,649.npy
1127,65.png,65.npy
1128,650.png,650.npy
1129,651.png,651.npy
1130,652.png,652.npy
1131,653.png,653.npy
1132,654.png,654.npy
1133,655.png,655.npy
1134,656.png,656.npy
1135,657.png,657.npy
1136,658.png,658.npy
1137,659.png,659.npy
1138,66.png,66.npy
1139,660.png,660.npy
1140,661.png,661.npy
1141,662.png,662.npy
1142,663.png,663.npy
1143,664.png,664.npy
1144,665.png,665.npy
1145,666.png,666.npy
1146,667.png,667.npy
1147,668.png,668.npy
1148,669.png,669.npy
1149,67.png,67.npy
1150,670.png,670.npy
1151,671.png,671.npy
1152,672.png,672.npy
1153,673.png,673.npy
1154,674.png,674.npy
1155,675.png,675.npy
1156,676.png,676.npy
1157,677.png,677.npy
1158,678.png,678.npy
1159,679.png,679.npy
1160,68.png,68.npy
1161,680.png,680.npy
1162,681.png,681.npy
1163,682.png,682.npy
1164,683.png,683.npy
1165,684.png,684.npy
1166,685.png,685.npy
1167,686.png,686.npy
1168,687.png,687.npy
1169,688.png,688.npy
1170,689.png,689.npy
1171,69.png,69.npy
1172,690.png,690.npy
1173,691.png,691.npy
1174,692.png,692.npy
1175,693.png,693.npy
1176,694.png,694.npy
1177,695.png,695.npy
1178,696.png,696.npy
1179,697.png,697.npy
1180,698.png,698.npy
1181,699.png,699.npy
1182,7.png,7.npy
1183,70.png,70.npy
1184,700.png,700.npy
1185,701.png,701.npy
1186,702.png,702.npy
1187,703.png,703.npy
1188,704.png,704.npy
1189,705.png,705.npy
1190,706.png,706.npy
1191,707.png,707.npy
1192,708.png,708.npy
1193,709.png,709.npy
1194,71.png,71.npy
1195,710.png,710.npy
1196,711.png,711.npy
1197,712.png,712.npy
1198,713.png,713.npy
1199,714.png,714.npy
1200,715.png,715.npy
1201,716.png,716.npy
1202,717.png,717.npy
1203,718.png,718.npy
1204,719.png,719.npy
1205,72.png,72.npy
1206,720.png,720.npy
1207,721.png,721.npy
1208,722.png,722.npy
1209,723.png,723.npy
1210,724.png,724.npy
1211,725.png,725.npy
1212,726.png,726.npy
1213,727.png,727.npy
1214,728.png,728.npy
1215,729.png,729.npy
1216,73.png,73.npy
1217,730.png,730.npy
1218,731.png,731.npy
1219,732.png,732.npy
1220,733.png,733.npy
1221,734.png,734.npy
1222,735.png,735.npy
1223,736.png,736.npy
1224,737.png,737.npy
1225,738.png,738.npy
1226,739.png,739.npy
1227,74.png,74.npy
1228,740.png,740.npy
1229,741.png,741.npy
1230,742.png,742.npy
1231,743.png,743.npy
1232,744.png,744.npy
1233,745.png,745.npy
1234,746.png,746.npy
1235,747.png,747.npy
1236,748.png,748.npy
1237,749.png,749.npy
1238,75.png,75.npy
1239,750.png,750.npy
1240,751.png,751.npy
1241,752.png,752.npy
1242,753.png,753.npy
1243,754.png,754.npy
1244,755.png,755.npy
1245,756.png,756.npy
1246,757.png,757.npy
1247,758.png,758.npy
1248,759.png,759.npy
1249,76.png,76.npy
1250,760.png,760.npy
1251,761.png,761.npy
1252,762.png,762.npy
1253,763.png,763.npy
1254,764.png,764.npy
1255,765.png,765.npy
1256,766.png,766.npy
1257,767.png,767.npy
1258,768.png,768.npy
1259,769.png,769.npy
1260,77.png,77.npy
1261,770.png,770.npy
1262,771.png,771.npy
1263,772.png,772.npy
1264,773.png,773.npy
1265,774.png,774.npy
1266,775.png,775.npy
1267,776.png,776.npy
1268,777.png,777.npy
1269,778.png,778.npy
1270,779.png,779.npy
1271,78.png,78.npy
1272,780.png,780.npy
1273,781.png,781.npy
1274,782.png,782.npy
1275,783.png,783.npy
1276,784.png,784.npy
1277,785.png,785.npy
1278,786.png,786.npy
1279,787.png,787.npy
1280,788.png,788.npy
1281,789.png,789.npy
1282,79.png,79.npy
1283,790.png,790.npy
1284,791.png,791.npy
1285,792.png,792.npy
1286,793.png,793.npy
1287,794.png,794.npy
1288,795.png,795.npy
1289,796.png,796.npy
1290,797.png,797.npy
1291,798.png,798.npy
1292,799.png,799.npy
1293,8.png,8.npy
1294,80.png,80.npy
1295,800.png,800.npy
1296,801.png,801.npy
1297,802.png,802.npy
1298,803.png,803.npy
1299,804.png,804.npy
1300,805.png,805.npy
1301,806.png,806.npy
1302,807.png,807.npy
1303,808.png,808.npy
1304,809.png,809.npy
1305,81.png,81.npy
1306,810.png,810.npy
1307,811.png,811.npy
1308,812.png,812.npy
1309,813.png,813.npy
1310,814.png,814.npy
1311,815.png,815.npy
1312,816.png,816.npy
1313,817.png,817.npy
1314,818.png,818.npy
1315,819.png,819.npy
1316,82.png,82.npy
1317,820.png,820.npy
1318,821.png,821.npy
1319,822.png,822.npy
1320,823.png,823.npy
1321,824.png,824.npy
1322,825.png,825.npy
1323,826.png,826.npy
1324,827.png,827.npy
1325,828.png,828.npy
1326,829.png,829.npy
1327,83.png,83.npy
1328,830.png,830.npy
1329,831.png,831.npy
1330,832.png,832.npy
1331,833.png,833.npy
1332,834.png,834.npy
1333,835.png,835.npy
1334,836.png,836.npy
1335,837.png,837.npy
1336,838.png,838.npy
1337,839.png,839.npy
1338,84.png,84.npy
1339,840.png,840.npy
1340,841.png,841.npy
1341,842.png,842.npy
1342,843.png,843.npy
1343,844.png,844.npy
1344,845.png,845.npy
1345,846.png,846.npy
1346,847.png,847.npy
1347,848.png,848.npy
1348,849.png,849.npy
1349,85.png,85.npy
1350,850.png,850.npy
1351,851.png,851.npy
1352,852.png,852.npy
1353,853.png,853.npy
1354,854.png,854.npy
1355,855.png,855.npy
1356,856.png,856.npy
1357,857.png,857.npy
1358,858.png,858.npy
1359,859.png,859.npy
1360,86.png,86.npy
1361,860.png,860.npy
1362,861.png,861.npy
1363,862.png,862.npy
1364,863.png,863.npy
1365,864.png,864.npy
1366,865.png,865.npy
1367,866.png,866.npy
1368,867.png,867.npy
1369,868.png,868.npy
1370,869.png,869.npy
1371,87.png,87.npy
1372,870.png,870.npy
1373,871.png,871.npy
1374,872.png,872.npy
1375,873.png,873.npy
1376,874.png,874.npy
1377,875.png,875.npy
1378,876.png,876.npy
1379,877.png,877.npy
1380,878.png,878.npy
1381,879.png,879.npy
1382,88.png,88.npy
1383,880.png,880.npy
1384,881.png,881.npy
1385,882.png,882.npy
1386,883.png,883.npy
1387,884.png,884.npy
1388,885.png,885.npy
1389,886.png,886.npy
1390,887.png,887.npy
1391,888.png,888.npy
1392,889.png,889.npy
1393,89.png,89.npy
1394,890.png,890.npy
1395,891.png,891.npy
1396,892.png,892.npy
1397,893.png,893.npy
1398,894.png,894.npy
1399,895.png,895.npy
1400,896.png,896.npy
1401,897.png,897.npy
1402,898.png,898.npy
1403,899.png,899.npy
1404,9.png,9.npy
1405,90.png,90.npy
1406,900.png,900.npy
1407,901.png,901.npy
1408,902.png,902.npy
1409,903.png,903.npy
1410,904.png,904.npy
1411,905.png,905.npy
1412,906.png,906.npy
1413,907.png,907.npy
1414,908.png,908.npy
1415,909.png,909.npy
1416,91.png,91.npy
1417,910.png,910.npy
1418,911.png,911.npy
1419,912.png,912.npy
1420,913.png,913.npy
1421,914.png,914.npy
1422,915.png,915.npy
1423,916.png,916.npy
1424,917.png,917.npy
1425,918.png,918.npy
1426,919.png,919.npy
1427,92.png,92.npy
1428,920.png,920.npy
1429,921.png,921.npy
1430,922.png,922.npy
1431,923.png,923.npy
1432,924.png,924.npy
1433,925.png,925.npy
1434,926.png,926.npy
1435,927.png,927.npy
1436,928.png,928.npy
1437,929.png,929.npy
1438,93.png,93.npy
1439,930.png,930.npy
1440,931.png,931.npy
1441,932.png,932.npy
1442,933.png,933.npy
1443,934.png,934.npy
1444,935.png,935.npy
1445,936.png,936.npy
1446,937.png,937.npy
1447,938.png,938.npy
1448,939.png,939.npy
1449,94.png,94.npy
1450,940.png,940.npy
1451,941.png,941.npy
1452,942.png,942.npy
1453,943.png,943.npy
1454,944.png,944.npy
1455,945.png,945.npy
1456,946.png,946.npy
1457,947.png,947.npy
1458,948.png,948.npy
1459,949.png,949.npy
1460,95.png,95.npy
1461,950.png,950.npy
1462,951.png,951.npy
1463,952.png,952.npy
1464,953.png,953.npy
1465,954.png,954.npy
1466,955.png,955.npy
1467,956.png,956.npy
1468,957.png,957.npy
1469,958.png,958.npy
1470,959.png,959.npy
1471,96.png,96.npy
1472,960.png,960.npy
1473,961.png,961.npy
1474,962.png,962.npy
1475,963.png,963.npy
1476,964.png,964.npy
1477,965.png,965.npy
1478,966.png,966.npy
1479,967.png,967.npy
1480,968.png,968.npy
1481,969.png,969.npy
1482,97.png,97.npy
1483,970.png,970.npy
1484,971.png,971.npy
1485,972.png,972.npy
1486,973.png,973.npy
1487,974.png,974.npy
1488,975.png,975.npy
1489,976.png,976.npy
1490,977.png,977.npy
1491,978.png,978.npy
1492,979.png,979.npy
1493,98.png,98.npy
1494,980.png,980.npy
1495,981.png,981.npy
1496,982.png,982.npy
1497,983.png,983.npy
1498,984.png,984.npy
1499,985.png,985.npy
1500,986.png,986.npy
1501,987.png,987.npy
1502,988.png,988.npy
1503,989.png,989.npy
1504,99.png,99.npy
1505,990.png,990.npy
1506,991.png,991.npy
1507,992.png,992.npy
1508,993.png,993.npy
1509,994.png,994.npy
1510,995.png,995.npy
1511,996.png,996.npy
1512,997.png,997.npy
1513,998.png,998.npy
1514,999.png,999.npy
